adsh,cik,name,sic,fye,form,period
0000039311-26-000009,39311,INDEPENDENT BANK CORP /MI/,6022,1231.0,10-K,20251231.0
0000706129-26-000024,706129,HORIZON BANCORP INC /IN/,6022,1231.0,10-K,20251231.0
0000706863-26-000029,706863,UNION BANKSHARES INC,6022,1231.0,10-K,20251231.0
0000711669-26-000007,711669,COLONY BANKCORP INC,6022,1231.0,10-K,20251231.0
0000714562-26-000014,714562,FIRST FINANCIAL CORP /IN/,6022,1231.0,10-K,20251231.0
0000717538-26-000037,717538,ARROW FINANCIAL CORP,6021,1231.0,10-K,20251231.0
0000723646-26-000016,723646,FRANKLIN FINANCIAL SERVICES CORP /PA/,6022,1231.0,10-K,20251231.0
0000732417-26-000022,732417,HILLS BANCORPORATION,6022,1231.0,10-K,20251231.0
0000736772-26-000031,736772,CNB FINANCIAL CORP/PA,6022,1231.0,10-K,20251231.0
0000737875-26-000009,737875,FIRST KEYSTONE CORP,6022,1231.0,10-K,20251231.0
0000750686-26-000010,750686,CAMDEN NATIONAL CORP,6021,1231.0,10-K,20251231.0
0000765207-26-000067,765207,"FIRST BANCORP, INC /ME/",6021,1231.0,10-K,20251231.0
0000775215-26-000025,775215,"HBT FINANCIAL, INC.",6022,1231.0,10-K,20251231.0
0000842517-26-000069,842517,ISABELLA BANK CORP,6022,1231.0,10-K,20251231.0
0000879635-26-000026,879635,MID PENN BANCORP INC,6022,1231.0,10-K,20251231.0
0000880641-26-000004,880641,EAGLE FINANCIAL SERVICES INC,6022,1231.0,10-K,20251231.0
0000893847-26-000037,893847,"HAWTHORN BANCSHARES, INC.",6021,1231.0,10-K,20251231.0
0000913341-26-000010,913341,C & F FINANCIAL CORP,6022,1231.0,10-K,20251231.0
0000920427-26-000012,920427,UNITY BANCORP INC /NJ/,6022,1231.0,10-K,20251231.0
0001013272-26-000003,1013272,NORWOOD FINANCIAL CORP,6022,1231.0,10-K,20251231.0
0001050441-26-000021,1050441,EAGLE BANCORP INC,6022,1231.0,10-K,20251231.0
0001071236-26-000027,1071236,RED RIVER BANCSHARES INC,6022,1231.0,10-K,20251231.0
0001104659-26-024523,921557,REPUBLIC BANCORP INC /KY/,6022,1231.0,10-K,20251231.0
0001104659-26-024613,810958,CITIZENS & NORTHERN CORP,6022,1231.0,10-K,20251231.0
0001104659-26-024646,923139,FLUSHING FINANCIAL CORP,6022,1231.0,10-K,20251231.0
0001104659-26-024659,854560,"GREAT SOUTHERN BANCORP, INC.",6022,1231.0,10-K,20251231.0
0001104659-26-025836,763907,FIRST UNITED CORP/MD/,6021,1231.0,10-K,20251231.0
0001104659-26-027217,743367,BAR HARBOR BANKSHARES,6022,1231.0,10-K,20251231.0
0001104659-26-027378,1710482,"JOHN MARSHALL BANCORP, INC.",6022,1231.0,10-K,20251231.0
0001104659-26-027651,1828588,"HANOVER BANCORP, INC. /MD",6022,1231.0,10-K,20251231.0
0001104659-26-028106,1056943,PEOPLES FINANCIAL SERVICES CORP.,6021,1231.0,10-K,20251231.0
0001104659-26-028308,1754226,"ORANGE COUNTY BANCORP, INC. /DE/",6022,1231.0,10-K,20251231.0
0001104659-26-028501,1413837,FIRST FOUNDATION INC.,6022,1231.0,10-K,20251231.0
0001104659-26-028542,1038773,SMARTFINANCIAL INC.,6021,1231.0,10-K,20251231.0
0001104659-26-028599,1325670,PRIMIS FINANCIAL CORP.,6022,1231.0,10-K,20251231.0
0001104659-26-030236,770460,PEOPLES FINANCIAL CORP /MS/,6022,1231.0,10-K,20251231.0
0001104659-26-030899,731653,UNITED BANCORP INC /OH/,6022,1231.0,10-K,20251231.0
0001104659-26-031270,707605,AMERISERV FINANCIAL INC /PA/,6021,1231.0,10-K,20251231.0
0001104659-26-034395,714712,JUNIATA VALLEY FINANCIAL CORP,6022,1231.0,10-K,20251231.0
0001104659-26-036813,2072421,"SENECA BANCORP, INC.",6021,1231.0,10-K,20251231.0
0001137547-26-000011,1137547,UNITED SECURITY BANCSHARES,6021,1231.0,10-K,20251231.0
0001140361-26-008087,1163668,"SOUTH PLAINS FINANCIAL, INC.",6022,1231.0,10-K,20251231.0
0001140361-26-009103,739421,CITIZENS FINANCIAL SERVICES INC,6022,1231.0,10-K,20251231.0
0001140361-26-009342,894671,OHIO VALLEY BANC CORP,6022,1231.0,10-K,20251231.0
0001140361-26-009383,1085913,FARMERS & MERCHANTS BANCORP,6021,1231.0,10-K,20251231.0
0001140361-26-009576,357301,TRUSTCO BANK CORP N Y,6022,1231.0,10-K,20251231.0
0001140361-26-009657,1746129,BANK7 CORP.,6022,1231.0,10-K,20251231.0
0001174947-26-000299,731122,MUNCY COLUMBIA FINANCIAL CORP,6022,1231.0,10-K,20251231.0
0001174947-26-000410,1437479,ENB FINANCIAL CORP,6021,1231.0,10-K,20251231.0
0001193125-26-085756,763901,"POPULAR, INC.",6022,1231.0,10-K,20251231.0
0001193125-26-093397,898171,UWHARRIE CAPITAL CORP,6022,1231.0,10-K,20251231.0
0001193125-26-096665,1227500,EQUITY BANCSHARES INC,6022,1231.0,10-K,20251231.0
0001193125-26-096836,944745,"CIVISTA BANCSHARES, INC.",6022,1231.0,10-K,20251231.0
0001193125-26-098059,1118004,BANCPLUS CORP,6022,1231.0,10-K,20251231.0
0001193125-26-098467,862831,FINANCIAL INSTITUTIONS INC,6021,1231.0,10-K,20251231.0
0001193125-26-099933,1641601,RIVER FINANCIAL CORP,6022,1231.0,10-K,20251231.0
0001193125-26-103635,717806,"FIRST US BANCSHARES, INC.",6022,1231.0,10-K,20251231.0
0001193125-26-103638,1070680,CF BANKSHARES INC.,6021,1231.0,10-K,20251231.0
0001193125-26-104114,1297107,"COASTALSOUTH BANCSHARES, INC.",6022,1231.0,10-K,20251231.0
0001193125-26-104211,1756701,"LINKBANCORP, INC.",6022,1231.0,10-K,20251231.0
0001193125-26-104410,842717,"BLUE RIDGE BANKSHARES, INC.",6022,1231.0,10-K,20251231.0
0001193125-26-105046,803164,CHOICEONE FINANCIAL SERVICES INC,6022,1231.0,10-K,20251231.0
0001193125-26-106151,1913971,"PRINCETON BANCORP, INC.",6022,1231.0,10-K,20251231.0
0001193125-26-107482,750558,QNB CORP.,6022,1231.0,10-K,20251231.0
0001193125-26-108381,880417,"CSB BANCORP, INC.",6022,1231.0,10-K,20251231.0
0001193125-26-111012,750574,"AUBURN NATIONAL BANCORPORATION, INC",6022,1231.0,10-K,20251231.0
0001193125-26-128311,796534,NATIONAL BANKSHARES INC,6021,1231.0,10-K,20251231.0
0001193125-26-128416,1572334,VIRGINIA NATIONAL BANKSHARES CORP,6021,1231.0,10-K,20251231.0
0001193125-26-129567,1791145,GBANK FINANCIAL HOLDINGS INC.,6022,1231.0,10-K,20251231.0
0001193125-26-132075,1609065,"PATHFINDER BANCORP, INC.",6022,1231.0,10-K,20251231.0
0001213900-26-024471,767405,"SB FINANCIAL GROUP, INC.",6022,1231.0,10-K,20251231.0
0001213900-26-033659,1981546,"COMMERCIAL BANCGROUP, INC.",6022,1231.0,10-K,20251231.0
0001275101-26-000010,1275101,BANK OF THE JAMES FINANCIAL GROUP INC,6022,1231.0,10-K,20251231.0
0001277902-26-000030,1277902,MVB FINANCIAL CORP,6022,1231.0,10-K,20251231.0
0001336706-26-000020,1336706,NORTHPOINTE BANCSHARES INC,6022,1231.0,10-K,20251231.0
0001403475-26-000018,1403475,BANK OF MARIN BANCORP,6022,1231.0,10-K,20251231.0
0001419536-26-000073,1419536,CAPITAL BANCORP INC,6021,1231.0,10-K,20251231.0
0001423869-26-000006,1423869,PCB BANCORP,6022,1231.0,10-K,20251231.0
0001437749-26-006157,861842,CATHAY GENERAL BANCORP,6022,1231.0,10-K,20251231.0
0001437749-26-006820,903419,ALERUS FINANCIAL CORP,6021,1231.0,10-K,20251231.0
0001437749-26-007084,709337,FARMERS NATIONAL BANC CORP /OH/,6022,1231.0,10-K,20251231.0
0001437749-26-007180,859070,FIRST COMMUNITY BANKSHARES INC /VA/,6022,1231.0,10-K,20251231.0
0001437749-26-007330,1478454,"EAGLE BANCORP MONTANA, INC.",6022,1231.0,10-K,20251231.0
0001437749-26-007387,1499422,RBB BANCORP,6022,1231.0,10-K,20251231.0
0001437749-26-007748,1315399,"PARKE BANCORP, INC.",6022,1231.0,10-K,20251231.0
0001437749-26-007758,1074902,LCNB CORP,6021,1231.0,10-K,20251231.0
0001437749-26-007976,1132651,AMES NATIONAL CORP,6021,1231.0,10-K,20251231.0
0001437749-26-008073,1693577,"MAINSTREET BANCSHARES, INC.",6022,1231.0,10-K,20251231.0
0001437749-26-008215,1098151,FIDELITY D & D BANCORP INC,6021,1231.0,10-K,20251231.0
0001437749-26-008446,1602658,INVESTAR HOLDING CORP,6022,1231.0,10-K,20251231.0
0001437749-26-008852,1443575,"AVIDBANK HOLDINGS, INC.",6022,1231.0,10-K,20251231.0
0001437749-26-009154,1657642,"SKYLINE BANKSHARES, INC.",6022,1231.0,10-K,20251231.0
0001437749-26-009181,818677,SECURITY FEDERAL CORP,6022,1231.0,10-K,20251231.0
0001437749-26-009748,719402,FIRST NATIONAL CORP /VA/,6022,1231.0,10-K,20251231.0
0001437749-26-009757,1431567,OAK VALLEY BANCORP,6022,1231.0,10-K,20251231.0
0001437749-26-010240,779227,STEELE BANCORP INC,6022,1231.0,10-K,20251231.0
0001449794-26-000003,1449794,"EMBASSY BANCORP, INC.",6022,1231.0,10-K,20251231.0
0001466026-26-000020,1466026,"MIDLAND STATES BANCORP, INC.",6022,1231.0,10-K,20251231.0
0001493152-26-009243,1725262,"TRI-COUNTY FINANCIAL GROUP, INC.",6022,1231.0,10-K,20251231.0
0001505732-26-000046,1505732,"BANKWELL FINANCIAL GROUP, INC.",6022,1231.0,10-K,20251231.0
0001518715-26-000026,1518715,MECHANICS BANCORP,6022,1231.0,10-K,20251231.0
0001552781-26-000126,932781,FIRST COMMUNITY CORP /SC/,6022,1231.0,10-K,20251231.0
0001562463-26-000022,1562463,FIRST INTERNET BANCORP,6022,1231.0,10-K,20251231.0
0001562762-26-000027,1901637,"USCB FINANCIAL HOLDINGS, INC.",6022,1231.0,10-K,20251231.0
0001605301-26-000009,1605301,"CB FINANCIAL SERVICES, INC.",6022,1231.0,10-K,20251231.0
0001628280-26-016050,1053352,HERITAGE COMMERCE CORP,6022,1231.0,10-K,20251231.0
0001628280-26-016503,1587987,"NEWTEKONE, INC.",6021,1231.0,10-K,20251231.0
0001628280-26-016895,1127371,COMMUNITY WEST BANCSHARES,6022,1231.0,10-K,20251231.0
0001628280-26-017229,715579,ACNB CORP,6022,1231.0,10-K,20251231.0
0001628280-26-017278,826154,ORRSTOWN FINANCIAL SERVICES INC,6022,1231.0,10-K,20251231.0
0001628280-26-017546,763563,CHEMUNG FINANCIAL CORP,6022,1231.0,10-K,20251231.0
0001628280-26-020177,1392272,CHAIN BRIDGE BANCORP INC,6021,1231.0,10-K,20251231.0
0001628280-26-020414,1767837,"RICHMOND MUTUAL BANCORPORATION, INC.",6022,1231.0,10-K,20251231.0
0001628280-26-021067,2065601,"CENTRAL BANCOMPANY, INC.",6022,1231.0,10-K,20251231.0
0001649739-26-000014,1649739,BAYFIRST FINANCIAL CORP.,6022,1231.0,10-K,20251231.0
0001654954-26-002154,1093672,PEOPLES BANCORP OF NORTH CAROLINA INC,6022,1231.0,10-K,20251231.0
0001654954-26-002870,718413,COMMUNITY BANCORP /VT,6021,1231.0,10-K,20251231.0
0001654954-26-002891,740806,F&M BANK CORP,6022,1231.0,10-K,20251231.0
0001675644-26-000017,1675644,"FVCBANKCORP, INC.",6022,1231.0,10-K,20251231.0
0001709442-26-000017,1709442,FIRSTSUN CAPITAL BANCORP,6021,1231.0,10-K,20251231.0
0001722010-26-000002,1722010,OP BANCORP,6022,1231.0,10-K,20251231.0
0001730984-26-000016,1730984,BAYCOM CORP,6022,1231.0,10-K,20251231.0
0001747068-26-000010,1747068,"METROCITY BANKSHARES, INC.",6022,1231.0,10-K,20251231.0
0001750735-26-000009,1750735,MERIDIAN CORP,6021,1231.0,10-K,20251231.0
0001795815-26-000005,1795815,CALIFORNIA BANCORP  CA,6021,1231.0,10-K,20251231.0
0001823608-26-000048,1823608,AMALGAMATED FINANCIAL CORP.,6022,1231.0,10-K,20251231.0
0001829576-26-000018,1829576,"CARTER BANKSHARES, INC.",6021,1231.0,10-K,20251231.0
0001856365-26-000006,1856365,FINWISE BANCORP,6022,1231.0,10-K,20251231.0
0002082866-26-000018,2082866,"PINNACLE FINANCIAL PARTNERS, INC.",6021,1231.0,10-K,20251231.0
0001628280-26-022508,1098146,PATRIOT NATIONAL BANCORP INC,6021,1231.0,10-K,20251231.0
0001903596-26-000116,1163389,NEW PEOPLES BANKSHARES INC,6022,1231.0,10-K,20251231.0
0000007789-26-000071,7789,ASSOCIATED BANC-CORP,6022,1231.0,10-K,20251231.0
0000022356-26-000069,22356,COMMERCE BANCSHARES INC /MO/,6022,1231.0,10-K,20251231.0
0000034782-26-000011,34782,1ST SOURCE CORP,6022,1231.0,10-K,20251231.0
0000035527-26-000124,35527,FIFTH THIRD BANCORP,6022,1231.0,10-K,20251231.0
0000036104-26-000011,36104,US BANCORP DE,6021,1231.0,10-K,20251231.0
0000036270-26-000010,36270,M&T BANK CORP,6022,1231.0,10-K,20251231.0
0000036966-26-000051,36966,FIRST HORIZON CORP,6021,1231.0,10-K,20251231.0
0000037808-26-000007,37808,FNB CORP/PA/,6021,1231.0,10-K,20251231.0
0000039263-26-000011,39263,"CULLEN/FROST BANKERS, INC.",6021,1231.0,10-K,20251231.0
0000040729-26-000005,40729,ALLY FINANCIAL INC.,6022,1231.0,10-K,20251231.0
0000046195-26-000015,46195,BANK OF HAWAII CORP,6022,1231.0,10-K,20251231.0
0000049196-26-000015,49196,HUNTINGTON BANCSHARES INC /MD/,6021,1231.0,10-K,20251231.0
0000070858-26-000157,70858,BANK OF AMERICA CORP /DE/,6021,1231.0,10-K,20251231.0
0000072971-26-000133,72971,WELLS FARGO & COMPANY/MN,6021,1231.0,10-K,20251231.0
0000073124-26-000016,73124,NORTHERN TRUST CORP,6022,1231.0,10-K,20251231.0
0000083246-26-000005,83246,HSBC USA INC /MD/,6021,1231.0,10-K,20251231.0
0000092230-26-000030,92230,TRUIST FINANCIAL CORP,6021,1231.0,10-K,20251231.0
0000093751-26-000124,93751,STATE STREET CORP,6022,1231.0,10-K,20251231.0
0000102212-26-000012,102212,UNIVEST FINANCIAL CORP,6022,1231.0,10-K,20251231.0
0000109380-26-000046,109380,"ZIONS BANCORPORATION, NATIONAL ASSOCIATION /UT/",6021,1231.0,10-K,20251231.0
0000314489-26-000013,314489,FIRST BUSEY CORP /NV/,6022,1231.0,10-K,20251231.0
0000318300-26-000099,318300,PEOPLES BANCORP INC,6022,1231.0,10-K,20251231.0
0000351569-26-000050,351569,AMERIS BANCORP,6022,1231.0,10-K,20251231.0
0000356171-26-000010,356171,TRICO BANCSHARES /,6022,1231.0,10-K,20251231.0
0000700564-26-000006,700564,FULTON FINANCIAL CORP,6021,1231.0,10-K,20251231.0
0000701347-26-000021,701347,CENTRAL PACIFIC FINANCIAL CORP,6022,1231.0,10-K,20251231.0
0000705432-26-000034,705432,SOUTHSIDE BANCSHARES INC,6022,1231.0,10-K,20251231.0
0000707179-26-000010,707179,OLD NATIONAL BANCORP /IN/,6021,1231.0,10-K,20251231.0
0000708955-26-000028,708955,FIRST FINANCIAL BANCORP /OH/,6021,1231.0,10-K,20251231.0
0000712534-26-000022,712534,FIRST MERCHANTS CORP,6021,1231.0,10-K,20251231.0
0000712537-26-000013,712537,FIRST COMMONWEALTH FINANCIAL CORP /PA/,6021,1231.0,10-K,20251231.0
0000713676-26-000020,713676,"PNC FINANCIAL SERVICES GROUP, INC.",6021,1231.0,10-K,20251231.0
0000714310-26-000017,714310,VALLEY NATIONAL BANCORP,6021,1231.0,10-K,20251231.0
0000714395-26-000011,714395,"GERMAN AMERICAN BANCORP, INC.",6022,1231.0,10-K,20251231.0
0000715072-26-000017,715072,RENASANT CORP,6022,1231.0,10-K,20251231.0
0000719220-26-000030,719220,S&T BANCORP INC,6022,1231.0,10-K,20251231.0
0000721994-26-000018,721994,LAKELAND FINANCIAL CORP,6022,1231.0,10-K,20251231.0
0000726601-26-000007,726601,CAPITAL CITY BANK GROUP INC,6022,1231.0,10-K,20251231.0
0000726854-26-000062,726854,CITY HOLDING CO,6021,1231.0,10-K,20251231.0
0000737468-26-000034,737468,WASHINGTON TRUST BANCORP INC,6022,1231.0,10-K,20251231.0
0000759944-26-000028,759944,CITIZENS FINANCIAL GROUP INC/RI,6022,1231.0,10-K,20251231.0
0000776901-26-000058,776901,INDEPENDENT BANK CORP,6022,1231.0,10-K,20251231.0
0000798941-26-000015,798941,FIRST CITIZENS BANCSHARES INC /DE/,6022,1231.0,10-K,20251231.0
0000801337-26-000008,801337,WEBSTER FINANCIAL CORP,6021,1231.0,10-K,20251231.0
0000805676-26-000017,805676,PARK NATIONAL CORP /OH/,6021,1231.0,10-K,20251231.0
0000811589-26-000051,811589,FIRST BANCORP /NC/,6022,1231.0,10-K,20251231.0
0000811830-26-000005,811830,"SANTANDER HOLDINGS USA, INC.",6021,1231.0,10-K,20251231.0
0000828944-26-000006,828944,WSFS FINANCIAL CORP,6021,1231.0,10-K,20251231.0
0000831001-26-000011,831001,CITIGROUP INC,6021,1231.0,10-K,20251231.0
0000846617-26-000013,846617,"DIME COMMUNITY BANCSHARES, INC. /NY/",6021,1231.0,10-K,20251231.0
0000857855-26-000008,857855,UNITED COMMUNITY BANKS INC,6022,1231.0,10-K,20251231.0
0000860413-26-000011,860413,FIRST INTERSTATE BANCSYSTEM INC,6022,1231.0,10-K,20251231.0
0000868671-26-000023,868671,"GLACIER BANCORP, INC.",6022,1231.0,10-K,20251231.0
0000875357-26-000013,875357,BOK FINANCIAL CORP,6021,1231.0,10-K,20251231.0
0000883948-26-000021,883948,ATLANTIC UNION BANKSHARES CORP,6022,1231.0,10-K,20251231.0
0000887343-26-000088,887343,"COLUMBIA BANKING SYSTEM, INC.",6022,1231.0,10-K,20251231.0
0000927628-26-000024,927628,CAPITAL ONE FINANCIAL CORP,6021,1231.0,10-K,20251231.0
0000946673-26-000009,946673,BANNER CORP,6022,1231.0,10-K,20251231.0
0001004702-26-000015,1004702,OCEANFIRST FINANCIAL CORP,6021,1231.0,10-K,20251231.0
0001005817-26-000027,1005817,TOMPKINS FINANCIAL CORP,6022,1231.0,10-K,20251231.0
0001015328-26-000007,1015328,WINTRUST FINANCIAL CORP,6022,1231.0,10-K,20251231.0
0001025835-26-000058,1025835,ENTERPRISE FINANCIAL SERVICES CORP,6022,1231.0,10-K,20251231.0
0001030469-26-000008,1030469,OFG BANCORP,6022,1231.0,10-K,20251231.0
0001035092-26-000014,1035092,SHORE BANCSHARES INC,6021,1231.0,10-K,20251231.0
0001057706-26-000007,1057706,FIRST BANCORP /PR/,6022,1231.0,10-K,20251231.0
0001069157-26-000009,1069157,EAST WEST BANCORP INC,6022,1231.0,10-K,20251231.0
0001077428-26-000010,1077428,TEXAS CAPITAL BANCSHARES INC/TX,6022,1231.0,10-K,20251231.0
0001104659-26-015264,1265131,HILLTOP HOLDINGS INC.,6022,1231.0,10-K,20251231.0
0001104659-26-017884,764038,SOUTHSTATE BANK CORP,6022,1231.0,10-K,20251231.0
0001104659-26-018208,1476034,METROPOLITAN BANK HOLDING CORP.,6022,1231.0,10-K,20251231.0
0001104659-26-019119,1475841,NATIONAL BANK HOLDINGS CORP,6021,1231.0,10-K,20251231.0
0001104659-26-020063,1341317,BRIDGEWATER BANCSHARES INC,6022,1231.0,10-K,20251231.0
0001104659-26-020393,357173,OLD SECOND BANCORP INC,6022,1231.0,10-K,20251231.0
0001104659-26-020439,315709,INTERNATIONAL BANCSHARES CORP,6022,1231.0,10-K,20251231.0
0001104659-26-021479,1130144,SIERRA BANCORP,6022,1231.0,10-K,20251231.0
0001104659-26-021531,906465,QCR HOLDINGS INC,6022,1231.0,10-K,20251231.0
0001104659-26-021544,36377,"FIRST HAWAIIAN, INC.",6022,1231.0,10-K,20251231.0
0001104659-26-021549,1629019,MERCHANTS BANCORP,6022,1231.0,10-K,20251231.0
0001104659-26-021567,1746109,BANK FIRST CORP,6021,1231.0,10-K,20251231.0
0001104659-26-021651,723188,"COMMUNITY FINANCIAL SYSTEM, INC.",6021,1231.0,10-K,20251231.0
0001128361-26-000011,1128361,HOPE BANCORP INC,6021,1231.0,10-K,20251231.0
0001140361-26-007058,350852,COMMUNITY TRUST BANCORP INC /KY/,6022,1231.0,10-K,20251231.0
0001140361-26-007179,790359,NBT BANCORP INC,6021,1231.0,10-K,20251231.0
0001166928-26-000010,1166928,WEST BANCORPORATION INC,6022,1231.0,10-K,20251231.0
0001171843-26-001150,1430723,"SERVISFIRST BANCSHARES, INC.",6022,1231.0,10-K,20251231.0
0001171843-26-001195,311094,WESTAMERICA BANCORPORATION,6021,1231.0,10-K,20251231.0
0001174850-26-000077,1174850,NICOLET BANKSHARES INC,6021,1231.0,10-K,20251231.0
0001193125-26-064009,36146,TRUSTMARK CORP,6021,1231.0,10-K,20251231.0
0001193125-26-071523,1521951,"FIRST BUSINESS FINANCIAL SERVICES, INC.",6022,1231.0,10-K,20251231.0
0001193125-26-071549,36029,FIRST FINANCIAL BANKSHARES INC,6022,1231.0,10-K,20251231.0
0001193125-26-075954,760498,BANCFIRST CORP /OK/,6021,1231.0,10-K,20251231.0
0001193125-26-076496,101382,UMB FINANCIAL CORP,6021,1231.0,10-K,20251231.0
0001193125-26-077437,1068851,PROSPERITY BANCSHARES INC,6022,1231.0,10-K,20251231.0
0001193125-26-077903,750577,HANCOCK WHITNEY CORP,6022,1231.0,10-K,20251231.0
0001193125-26-080847,700565,"FIRST MID BANCSHARES, INC.",6022,1231.0,10-K,20251231.0
0001193125-26-081470,729986,UNITED BANKSHARES INC/WV,6022,1231.0,10-K,20251231.0
0001193125-26-082425,1109242,HANMI FINANCIAL CORP,6021,1231.0,10-K,20251231.0
0001193125-26-082893,885275,WILSON BANK HOLDING CO,6021,1231.0,10-K,20251231.0
0001193125-26-083194,1702750,"BYLINE BANCORP, INC.",6022,1231.0,10-K,20251231.0
0001193125-26-083221,354647,CVB FINANCIAL CORP,6022,1231.0,10-K,20251231.0
0001193125-26-085463,203596,WESBANCO INC,6021,1231.0,10-K,20251231.0
0001206774-26-000084,1090009,SOUTHERN FIRST BANCSHARES INC,6021,1231.0,10-K,20251231.0
0001281761-26-000019,1281761,REGIONS FINANCIAL CORP,6021,1231.0,10-K,20251231.0
0001295401-26-000002,1295401,"BANCORP, INC.",6021,1231.0,10-K,20251231.0
0001331520-26-000051,1331520,HOME BANCSHARES INC,6022,1231.0,10-K,20251231.0
0001390777-26-000033,1390777,BANK OF NEW YORK MELLON CORP,6022,1231.0,10-K,20251231.0
0001437749-26-005320,712771,"CONNECTONE BANCORP, INC.",6022,1231.0,10-K,20251231.0
0001437749-26-005830,835324,"STOCK YARDS BANCORP, INC.",6022,1231.0,10-K,20251231.0
0001437749-26-005997,1042729,MERCANTILE BANK CORP,6022,1231.0,10-K,20251231.0
0001437958-26-000013,1437958,COASTAL FINANCIAL CORP,6022,1231.0,10-K,20251231.0
0001462120-26-000020,1462120,"LIVE OAK BANCSHARES, INC.",6022,1231.0,10-K,20251231.0
0001471265-26-000008,1471265,"NORTHWEST BANCSHARES, INC.",6021,1231.0,10-K,20251231.0
0001473844-26-000006,1473844,"STELLAR BANCORP, INC.",6021,1231.0,10-K,20251231.0
0001488813-26-000029,1488813,"CUSTOMERS BANCORP, INC.",6022,1231.0,10-K,20251231.0
0001493152-26-008143,1288855,"OPTIMUMBANK HOLDINGS, INC.",6021,1231.0,10-K,20251231.0
0001516912-26-000011,1516912,"ORIGIN BANCORP, INC.",6022,1231.0,10-K,20251231.0
0001539638-26-000007,1539638,"TRIUMPH FINANCIAL, INC.",6022,1231.0,10-K,20251231.0
0001624322-26-000018,1624322,"BUSINESS FIRST BANCSHARES, INC.",6022,1231.0,10-K,20251231.0
0001628280-26-008131,19617,JPMORGAN CHASE & CO,6021,1231.0,10-K,20251231.0
0001628280-26-010336,1212545,WESTERN ALLIANCE BANCORPORATION,6022,1231.0,10-K,20251231.0
0001628280-26-010546,91576,KEYCORP /NEW/,6021,1231.0,10-K,20251231.0
0001628280-26-011618,90498,SIMMONS FIRST NATIONAL CORP,6021,1231.0,10-K,20251231.0
0001628280-26-012724,1275168,FIVE STAR BANCORP,6022,1231.0,10-K,20251231.0
0001628280-26-012787,730708,SEACOAST BANKING CORP OF FLORIDA,6022,1231.0,10-K,20251231.0
0001628280-26-012825,1327607,FIRST WESTERN FINANCIAL INC,6022,1231.0,10-K,20251231.0
0001628280-26-012946,1169770,"BANC OF CALIFORNIA, INC.",6021,1231.0,10-K,20251231.0
0001649749-26-000012,1649749,FB FINANCIAL CORP,6022,1231.0,10-K,20251231.0
0001734342-26-000017,1734342,AMERANT BANCORP INC.,6021,1231.0,10-K,20251231.0
0001964333-26-000016,1964333,BURKE & HERBERT FINANCIAL SERVICES CORP.,6021,1231.0,10-K,20251231.0
